identifier,billType,chamber,title,status,statusDate,subjects,primarySponsors,sponsorCount,billUrl
HB 10EX,bill,House,Worth County; ad valorem tax; provide homestead exemption,House Lost Reconsidered Bill/Resolution,2026-06-22T16:25:40,REVENUE AND TAXATION,Bill Yearta,1,https://www.legis.ga.gov/legislation/74766
HB 11EX,bill,House,Glynn County; ad valorem tax; provide homestead exemption,House Lost Reconsidered Bill/Resolution,2026-06-22T16:25:40,REVENUE AND TAXATION,Rick Townsend,2,https://www.legis.ga.gov/legislation/74768
HB 12EX,bill,House,"Brunswick, City of; ad valorem tax; provide homestead exemption",House Lost Reconsidered Bill/Resolution,2026-06-22T16:25:40,REVENUE AND TAXATION,Rick Townsend,1,https://www.legis.ga.gov/legislation/74769
HB 13EX,bill,House,Mitchell County; ad valorem tax; provide homestead exemption,House Lost Reconsidered Bill/Resolution,2026-06-22T16:25:40,REVENUE AND TAXATION,Joe Campbell,1,https://www.legis.ga.gov/legislation/74770
HB 14EX,bill,House,Fannin County; ad valorem tax; provide homestead exemption,House Lost Reconsidered Bill/Resolution,2026-06-22T16:25:40,REVENUE AND TAXATION,Johnny Chastain,1,https://www.legis.ga.gov/legislation/74771
HB 15EX,bill,House,"McCaysville, City of; ad valorem tax; provide homestead exemption",House Lost Reconsidered Bill/Resolution,2026-06-22T16:25:40,REVENUE AND TAXATION,Johnny Chastain,1,https://www.legis.ga.gov/legislation/74772
HB 16EX,bill,House,"Blue Ridge, City of; ad valorem tax; provide homestead exemption",House Lost Reconsidered Bill/Resolution,2026-06-22T16:25:40,REVENUE AND TAXATION,Johnny Chastain,1,https://www.legis.ga.gov/legislation/74773
HB 17EX,bill,House,Lumpkin County; ad valorem tax; provide homestead exemption,House Lost Reconsidered Bill/Resolution,2026-06-22T16:25:40,REVENUE AND TAXATION,Will Wade,2,https://www.legis.ga.gov/legislation/74774
HB 18EX,bill,House,Morgan County; ad valorem tax; provide homestead exemption,House Lost Reconsidered Bill/Resolution,2026-06-22T16:25:40,REVENUE AND TAXATION,Tim Fleming,1,https://www.legis.ga.gov/legislation/74775
HB 19EX,bill,House,Floyd County; ad valorem tax; provide homestead exemption,House Lost Reconsidered Bill/Resolution,2026-06-22T16:25:40,REVENUE AND TAXATION,Eddie Lumsden,3,https://www.legis.ga.gov/legislation/74776
HB 1EX,bill,House,"Dublin, City of; ad valorem tax; provide homestead exemption",House Lost Reconsidered Bill/Resolution,2026-06-22T16:25:40,REVENUE AND TAXATION,Matt Hatchett,1,https://www.legis.ga.gov/legislation/74753
HB 20EX,bill,House,"Madison, City of; ad valorem tax; provide homestead exemption",House Lost Reconsidered Bill/Resolution,2026-06-22T16:25:40,REVENUE AND TAXATION,Tim Fleming,1,https://www.legis.ga.gov/legislation/74777
HB 21EX,bill,House,Gilmer County; ad valorem tax; provide homestead exemption,House Lost Reconsidered Bill/Resolution,2026-06-22T16:25:40,REVENUE AND TAXATION,Johnny Chastain,1,https://www.legis.ga.gov/legislation/74778
HB 22EX,bill,House,"Jakin, City of; ad valorem tax; provide homestead exemption",House Lost Reconsidered Bill/Resolution,2026-06-22T16:25:40,REVENUE AND TAXATION,Gerald Greene,1,https://www.legis.ga.gov/legislation/74779
HB 23EX,bill,House,"Arlington, City of; ad valorem tax; provide homestead exemption",House Lost Reconsidered Bill/Resolution,2026-06-22T16:25:40,REVENUE AND TAXATION,Gerald Greene,1,https://www.legis.ga.gov/legislation/74780
HB 24EX,bill,House,Franklin County; ad valorem tax; provide homestead exemption,House Lost Reconsidered Bill/Resolution,2026-06-22T16:25:40,REVENUE AND TAXATION,Alan Powell,1,https://www.legis.ga.gov/legislation/74781
HB 25EX,bill,House,Stephens County; ad valorem tax; provide homestead exemption,House Lost Reconsidered Bill/Resolution,2026-06-22T16:25:40,REVENUE AND TAXATION,Chris Erwin,1,https://www.legis.ga.gov/legislation/74782
HB 26EX,bill,House,Ben Hill County; ad valorem tax; provide homestead exemption,House Lost Reconsidered Bill/Resolution,2026-06-22T16:25:40,REVENUE AND TAXATION,Noel Williams,2,https://www.legis.ga.gov/legislation/74783
HB 27EX,bill,House,Lowndes County; ad valorem tax; provide homestead exemption,House Lost Reconsidered Bill/Resolution,2026-06-22T16:25:40,REVENUE AND TAXATION,John LaHood,3,https://www.legis.ga.gov/legislation/74784
HB 28EX,bill,House,"Fitzgerald, City of; ad valorem tax; provide homestead exemption",House Lost Reconsidered Bill/Resolution,2026-06-22T16:25:40,REVENUE AND TAXATION,Noel Williams,3,https://www.legis.ga.gov/legislation/74785
HB 29EX,bill,House,Calhoun County; ad valorem tax; provide homestead exemption,House Lost Reconsidered Bill/Resolution,2026-06-22T16:25:40,REVENUE AND TAXATION,Gerald Greene,1,https://www.legis.ga.gov/legislation/74786
HB 2EX,bill,House,Sumter County; ad valorem tax; provide homestead exemption,House Lost Reconsidered Bill/Resolution,2026-06-22T16:25:40,REVENUE AND TAXATION,Mike Cheokas,2,https://www.legis.ga.gov/legislation/74756
HB 30EX,bill,House,Early County; ad valorem tax; provide homestead exemption,House Lost Reconsidered Bill/Resolution,2026-06-22T16:25:40,REVENUE AND TAXATION,Gerald Greene,1,https://www.legis.ga.gov/legislation/74787
HB 31EX,bill,House,"Damascus, City of; ad valorem tax; provide homestead exemption",House Lost Reconsidered Bill/Resolution,2026-06-22T16:25:40,REVENUE AND TAXATION,Gerald Greene,1,https://www.legis.ga.gov/legislation/74788
HB 32EX,bill,House,Baker County; ad valorem tax; provide homestead exemption,House Lost Reconsidered Bill/Resolution,2026-06-22T16:25:40,REVENUE AND TAXATION,Gerald Greene,1,https://www.legis.ga.gov/legislation/74789
HB 33EX,bill,House,Cherokee County; ad valorem tax; provide homestead exemption,House Lost Reconsidered Bill/Resolution,2026-06-22T16:25:40,REVENUE AND TAXATION,Jordan Ridley,6,https://www.legis.ga.gov/legislation/74790
HB 34EX,bill,House,"Plains, City of; ad valorem tax; provide homestead exemption",House Lost Reconsidered Bill/Resolution,2026-06-22T16:25:40,REVENUE AND TAXATION,Mike Cheokas,1,https://www.legis.ga.gov/legislation/74791
HB 35EX,bill,House,Webster County; ad valorem tax; provide homestead exemption,House Lost Reconsidered Bill/Resolution,2026-06-22T16:25:40,REVENUE AND TAXATION,Mike Cheokas,1,https://www.legis.ga.gov/legislation/74792
HB 36EX,bill,House,Catoosa County; ad valorem tax; provide homestead exemption,House Lost Reconsidered Bill/Resolution,2026-06-22T16:25:40,REVENUE AND TAXATION,Mitchell Horner,2,https://www.legis.ga.gov/legislation/74793
HB 37EX,bill,House,Effingham County; ad valorem tax; provide homestead exemption,House Lost Reconsidered Bill/Resolution,2026-06-22T16:25:40,REVENUE AND TAXATION,Bill Hitchens,2,https://www.legis.ga.gov/legislation/74794
HB 38EX,bill,House,"Arlington, City of; ad valorem tax; provide homestead exemption",House Lost Reconsidered Bill/Resolution,2026-06-22T16:25:40,REVENUE AND TAXATION,Gerald Greene,1,https://www.legis.ga.gov/legislation/74802
HB 39EX,bill,House,"Ringgold, City of; ad valorem tax; provide homestead exemption",House Lost Reconsidered Bill/Resolution,2026-06-22T16:25:40,REVENUE AND TAXATION,Mitchell Horner,2,https://www.legis.ga.gov/legislation/74803
HB 3EX,bill,House,"Rentz, City of; ad valorem tax; provide homestead exemption",House Lost Reconsidered Bill/Resolution,2026-06-22T16:25:40,REVENUE AND TAXATION,Matt Hatchett,1,https://www.legis.ga.gov/legislation/74758
HB 40EX,bill,House,"Fort Oglethorpe, City of; ad valorem tax; provide homestead exemption",House Lost Reconsidered Bill/Resolution,2026-06-22T16:25:40,REVENUE AND TAXATION,Mitchell Horner,3,https://www.legis.ga.gov/legislation/74804
HB 41EX,bill,House,Seminole County; ad valorem tax; provide homestead exemption,House Lost Reconsidered Bill/Resolution,2026-06-22T16:25:40,REVENUE AND TAXATION,Gerald Greene,1,https://www.legis.ga.gov/legislation/74805
HB 42EX,bill,House,"Edison, City of; ad valorem tax; provide homestead exemption",House Lost Reconsidered Bill/Resolution,2026-06-22T16:25:40,REVENUE AND TAXATION,Gerald Greene,1,https://www.legis.ga.gov/legislation/74806
HB 43EX,bill,House,"Blakely, City of; ad valorem tax; provide homestead exemption",House Lost Reconsidered Bill/Resolution,2026-06-22T16:25:40,REVENUE AND TAXATION,Gerald Greene,1,https://www.legis.ga.gov/legislation/74807
HB 44EX,bill,House,Harris County; ad valorem tax; provide homestead exemption,House Lost Reconsidered Bill/Resolution,2026-06-22T16:25:40,REVENUE AND TAXATION,Vance Smith,2,https://www.legis.ga.gov/legislation/74808
HB 45EX,bill,House,"Emerson, City of; ad valorem tax; provide homestead exemption",House Lost Reconsidered Bill/Resolution,2026-06-22T16:25:40,REVENUE AND TAXATION,Matthew Gambill,2,https://www.legis.ga.gov/legislation/74809
HB 46EX,bill,House,"Cartersville, City of; ad valorem tax; provide homestead exemption",House Lost Reconsidered Bill/Resolution,2026-06-22T16:25:40,REVENUE AND TAXATION,Matthew Gambill,2,https://www.legis.ga.gov/legislation/74810
HB 47EX,bill,House,Bartow County; ad valorem tax; provide homestead exemption,House Lost Reconsidered Bill/Resolution,2026-06-22T16:25:40,REVENUE AND TAXATION,Matthew Gambill,2,https://www.legis.ga.gov/legislation/74811
HB 48EX,bill,House,"Euharlee, City of; ad valorem tax; provide homestead exemption",House Lost Reconsidered Bill/Resolution,2026-06-22T16:25:40,REVENUE AND TAXATION,Mitchell Scoggins,2,https://www.legis.ga.gov/legislation/74812
HB 49EX,bill,House,"Adairsville, City of; ad valorem tax; provide homestead exemption",House Lost Reconsidered Bill/Resolution,2026-06-22T16:25:40,REVENUE AND TAXATION,Mitchell Scoggins,2,https://www.legis.ga.gov/legislation/74813
HB 4EX,bill,House,"Dudley, City of; ad valorem tax; provide homestead exemption",House Lost Reconsidered Bill/Resolution,2026-06-22T16:25:40,REVENUE AND TAXATION,Matt Hatchett,1,https://www.legis.ga.gov/legislation/74759
HB 50EX,bill,House,"White, City of; ad valorem tax; provide homestead exemption",House Lost Reconsidered Bill/Resolution,2026-06-22T16:25:40,REVENUE AND TAXATION,Mitchell Scoggins,2,https://www.legis.ga.gov/legislation/74814
HB 51EX,bill,House,Troup County; ad valorem tax; provide homestead exemption,House Lost Reconsidered Bill/Resolution,2026-06-22T16:25:40,REVENUE AND TAXATION,Vance Smith,4,https://www.legis.ga.gov/legislation/74815
HB 52EX,bill,House,"Walnut Grove, City of; ad valorem tax; provide homestead exemption",House Lost Reconsidered Bill/Resolution,2026-06-22T16:25:40,REVENUE AND TAXATION,Bruce Williamson,3,https://www.legis.ga.gov/legislation/74816
HB 53EX,bill,House,"Monroe, City of; ad valorem tax; provide homestead exemption",House Lost Reconsidered Bill/Resolution,2026-06-22T16:25:40,REVENUE AND TAXATION,Bruce Williamson,3,https://www.legis.ga.gov/legislation/74817
HB 54EX,bill,House,Bacon County; ad valorem tax; provide homestead exemption,House Lost Reconsidered Bill/Resolution,2026-06-22T16:25:40,REVENUE AND TAXATION,Steven Meeks,1,https://www.legis.ga.gov/legislation/74818
HB 55EX,bill,House,"Valdosta, City of; ad valorem tax; provide homestead exemption",House Lost Reconsidered Bill/Resolution,2026-06-22T16:25:40,REVENUE AND TAXATION,John LaHood,4,https://www.legis.ga.gov/legislation/74819
HB 56EX,bill,House,"Social Circle, City of; ad valorem tax; provide homestead exemption",House Lost Reconsidered Bill/Resolution,2026-06-22T16:25:40,REVENUE AND TAXATION,Tim Fleming,2,https://www.legis.ga.gov/legislation/74820
HB 57EX,bill,House,Pierce County; ad valorem tax; provide homestead exemption,House Lost Reconsidered Bill/Resolution,2026-06-22T16:25:40,REVENUE AND TAXATION,Steven Meeks,1,https://www.legis.ga.gov/legislation/74821
HB 58EX,bill,House,"Loganville, City of; ad valorem tax; provide homestead exemption",House Second Readers,2026-06-18T10:12:14,REVENUE AND TAXATION,Rey Martinez,3,https://www.legis.ga.gov/legislation/74822
HB 59EX,bill,House,Walton County; ad valorem tax; provide homestead exemption,House Lost Reconsidered Bill/Resolution,2026-06-22T16:25:40,REVENUE AND TAXATION,Bruce Williamson,3,https://www.legis.ga.gov/legislation/74823
HB 5EX,bill,House,"Cadwell, City of; ad valorem tax; provide homestead exemption",House Lost Reconsidered Bill/Resolution,2026-06-22T16:25:40,REVENUE AND TAXATION,Matt Hatchett,1,https://www.legis.ga.gov/legislation/74760
HB 60EX,bill,House,Montgomery County; ad valorem tax; provide homestead exemption,House Lost Reconsidered Bill/Resolution,2026-06-22T16:25:40,REVENUE AND TAXATION,Leesa Hagan,1,https://www.legis.ga.gov/legislation/74824
HB 61EX,bill,House,Twiggs County; ad valorem tax; provide homestead exemption,House Lost Reconsidered Bill/Resolution,2026-06-22T17:30:32,REVENUE AND TAXATION,Danny Mathis,1,https://www.legis.ga.gov/legislation/74825
HB 62EX,bill,House,"Cochran, City of; ad valorem tax; provide homestead exemption",House Lost Reconsidered Bill/Resolution,2026-06-22T16:25:40,REVENUE AND TAXATION,Danny Mathis,1,https://www.legis.ga.gov/legislation/74826
HB 63EX,bill,House,Dodge County; ad valorem tax; provide homestead exemption,House Lost Reconsidered Bill/Resolution,2026-06-22T16:25:40,REVENUE AND TAXATION,Danny Mathis,1,https://www.legis.ga.gov/legislation/74827
HB 64EX,bill,House,Bleckley County; ad valorem tax; provide homestead exemption,House Lost Reconsidered Bill/Resolution,2026-06-22T16:25:40,REVENUE AND TAXATION,Danny Mathis,1,https://www.legis.ga.gov/legislation/74828
HB 65EX,bill,House,"Dahlonega, City of; ad valorem tax; provide homestead exemption",House Lost Reconsidered Bill/Resolution,2026-06-22T16:25:40,REVENUE AND TAXATION,Will Wade,1,https://www.legis.ga.gov/legislation/74829
HB 66EX,bill,House,"Kingston, City of; ad valorem tax; provide homestead exemption",House Lost Reconsidered Bill/Resolution,2026-06-22T16:25:40,REVENUE AND TAXATION,Mitchell Scoggins,2,https://www.legis.ga.gov/legislation/74830
HB 67EX,bill,House,"Rome, City of; ad valorem tax; provide homestead exemption",House Lost Reconsidered Bill/Resolution,2026-06-22T16:25:40,REVENUE AND TAXATION,Eddie Lumsden,3,https://www.legis.ga.gov/legislation/74831
HB 68EX,bill,House,"Lyons, City of; ad valorem tax; provide homestead exemption",House Lost Reconsidered Bill/Resolution,2026-06-23T11:51:15,REVENUE AND TAXATION,Leesa Hagan,1,https://www.legis.ga.gov/legislation/74832
HB 69EX,bill,House,Gwinnett County; ad valorem tax; provide homestead exemption,House Second Readers,2026-06-20T09:37:46,REVENUE AND TAXATION,Scott Hilton,3,https://www.legis.ga.gov/legislation/74837
HB 6EX,bill,House,"Toccoa, City of; ad valorem tax; provide homestead exemption",House Lost Reconsidered Bill/Resolution,2026-06-22T16:25:40,REVENUE AND TAXATION,Chris Erwin,1,https://www.legis.ga.gov/legislation/74761
HB 70EX,bill,House,Toombs County; ad valorem tax; provide homestead exemption,House Lost Reconsidered Bill/Resolution,2026-06-23T11:51:15,REVENUE AND TAXATION,Leesa Hagan,1,https://www.legis.ga.gov/legislation/74838
HB 71EX,bill,House,"Blackshear, City of; ad valorem tax; provide homestead exemption",House Lost Reconsidered Bill/Resolution,2026-06-23T11:51:15,REVENUE AND TAXATION,Steven Meeks,1,https://www.legis.ga.gov/legislation/74839
HB 72EX,bill,House,"Patterson, City of; ad valorem tax; provide homestead exemption",House Lost Reconsidered Bill/Resolution,2026-06-23T11:51:15,REVENUE AND TAXATION,Steven Meeks,1,https://www.legis.ga.gov/legislation/74840
HB 73EX,bill,House,"East Dublin, City of; ad valorem tax; provide homestead exemption",House Lost Reconsidered Bill/Resolution,2026-06-23T11:51:15,REVENUE AND TAXATION,Matt Hatchett,1,https://www.legis.ga.gov/legislation/74841
HB 74EX,bill,House,"Dexter, City of; ad valorem tax; provide homestead exemption",House Lost Reconsidered Bill/Resolution,2026-06-23T11:51:15,REVENUE AND TAXATION,Matt Hatchett,1,https://www.legis.ga.gov/legislation/74842
HB 75EX,bill,House,Lanier County; ad valorem tax; provide homestead exemption,House Lost Reconsidered Bill/Resolution,2026-06-23T11:38:53,REVENUE AND TAXATION,James Burchett,1,https://www.legis.ga.gov/legislation/74843
HB 76EX,bill,House,Taylor County; ad valorem tax; provide homestead exemption,House Lost Reconsidered Bill/Resolution,2026-06-23T11:38:53,REVENUE AND TAXATION,Patty Marie Stinson,1,https://www.legis.ga.gov/legislation/74844
HB 77EX,bill,House,"Butler, City of; ad valorem tax; provide homestead exemption",House Lost Reconsidered Bill/Resolution,2026-06-23T11:38:53,REVENUE AND TAXATION,Patty Marie Stinson,1,https://www.legis.ga.gov/legislation/74845
HB 78EX,bill,House,"Tifton, City of; ad valorem tax; provide homestead exemption",House Lost Reconsidered Bill/Resolution,2026-06-23T11:38:53,REVENUE AND TAXATION,Jaclyn Ford,2,https://www.legis.ga.gov/legislation/74846
HB 79EX,bill,House,Tift County; ad valorem tax; provide homestead exemption,House Lost Reconsidered Bill/Resolution,2026-06-23T11:38:53,REVENUE AND TAXATION,Jaclyn Ford,2,https://www.legis.ga.gov/legislation/74847
HB 7EX,bill,House,Laurens County; ad valorem tax; provide homestead exemption,House Lost Reconsidered Bill/Resolution,2026-06-22T16:25:40,REVENUE AND TAXATION,Matt Hatchett,1,https://www.legis.ga.gov/legislation/74762
HB 80EX,bill,House,Fayette County; ad valorem tax; provide homestead exemption,House Lost Reconsidered Bill/Resolution,2026-06-23T11:38:53,REVENUE AND TAXATION,Josh Bonner,4,https://www.legis.ga.gov/legislation/74848
HB 81EX,bill,House,"Santa Claus, City of; ad valorem tax; provide homestead exemption",House Lost Reconsidered Bill/Resolution,2026-06-23T11:38:53,REVENUE AND TAXATION,Leesa Hagan,1,https://www.legis.ga.gov/legislation/74849
HB 82EX,bill,House,Telfair County; ad valorem tax; provide homestead exemption,House Lost Reconsidered Bill/Resolution,2026-06-23T11:38:53,REVENUE AND TAXATION,Leesa Hagan,2,https://www.legis.ga.gov/legislation/74857
HB 83EX,bill,House,Forsyth County; ad valorem tax; provide homestead exemption,House Lost Reconsidered Bill/Resolution,2026-06-23T11:38:53,REVENUE AND TAXATION,Brent Cox,2,https://www.legis.ga.gov/legislation/74859
HB 84EX,bill,House,"Morgan, City of; ad valorem tax; provide homestead exemption",House Second Readers,2026-06-23T09:00:11,REVENUE AND TAXATION,Gerald Greene,1,https://www.legis.ga.gov/legislation/74865
HB 85EX,bill,House,"Reynolds, City of; ad valorem tax; provide homestead exemption",House Second Readers,2026-06-23T09:00:11,REVENUE AND TAXATION,Patty Marie Stinson,1,https://www.legis.ga.gov/legislation/74866
HB 86EX,bill,House,"Donalsonville, City of; ad valorem tax; provide homestead exemption",House First Readers,2026-06-23T08:59:21,REVENUE AND TAXATION,Gerald Greene,1,https://www.legis.ga.gov/legislation/74881
HB 87EX,bill,House,"West Point, City of; ad valorem tax; provide homestead exemption",House First Readers,2026-06-23T08:59:22,REVENUE AND TAXATION,Vance Smith,2,https://www.legis.ga.gov/legislation/74882
HB 88EX,bill,House,"Hogansville, City of; ad valorem tax; provide homestead exemption",House First Readers,2026-06-23T08:59:22,REVENUE AND TAXATION,David Huddleston,4,https://www.legis.ga.gov/legislation/74883
HB 89EX,bill,House,"West Point, City of; ad valorem tax; provide homestead exemption",House First Readers,2026-06-23T08:59:22,REVENUE AND TAXATION,Vance Smith,3,https://www.legis.ga.gov/legislation/74884
HB 8EX,bill,House,Walker County; ad valorem tax; provide homestead exemption,House Lost Reconsidered Bill/Resolution,2026-06-22T16:25:40,REVENUE AND TAXATION,Mike Cameron,2,https://www.legis.ga.gov/legislation/74764
HB 90EX,bill,House,Spalding County; ad valorem tax; provide homestead exemption,House First Readers,2026-06-23T08:59:23,REVENUE AND TAXATION,Beth Camp,2,https://www.legis.ga.gov/legislation/74911
HB 9EX,bill,House,Madison County; ad valorem tax; provide homestead exemption,House Lost Reconsidered Bill/Resolution,2026-06-22T16:25:40,REVENUE AND TAXATION,Rob Leverett,2,https://www.legis.ga.gov/legislation/74765
HR 10EX,resolution,House,"Mickens, Sister Ella Mae Harrison; condolences",House Read and Adopted,2026-06-17T17:37:55,,Sandra Scott,3,https://www.legis.ga.gov/legislation/74801
HR 11EX,resolution,House,Independent redistricting commission; provide for creation and establishment - CA,House Second Readers,2026-06-20T09:37:46,,Gabriel Sanchez,6,https://www.legis.ga.gov/legislation/74833
HR 12EX,resolution,House,"Congressional, legislative, and other state-wide apportionment or district plans; provide for certain minimum standards - CA",House Second Readers,2026-06-20T09:37:46,,Carolyn Hugley,6,https://www.legis.ga.gov/legislation/74834
HR 13EX,resolution,House,Racial minorities in legislative reapportionment and redistricting; protect - CA,House Second Readers,2026-06-20T09:37:46,,Carolyn Hugley,6,https://www.legis.ga.gov/legislation/74835
HR 14EX,resolution,House,Mid-decade reapportionment or redistricting of congressional and legislative districts; prohibit - CA,House Second Readers,2026-06-20T09:37:46,,Carolyn Hugley,6,https://www.legis.ga.gov/legislation/74836
HR 15EX,resolution,House,"Rucker, Raleigh James, Jr.; condolences",House Read and Adopted,2026-06-18T11:25:44,,Teddy Reese,3,https://www.legis.ga.gov/legislation/74850
HR 16EX,resolution,House,"Brack, Elliott Earl; condolences",House Read and Adopted,2026-06-18T11:25:44,,Arlene Beckles,6,https://www.legis.ga.gov/legislation/74851
HR 17EX,resolution,House,Self Enhancement Inc. (SEI) Bigger Than Basketball Camp; commend,House Read and Adopted,2026-06-18T11:25:44,,Segun Adeyina,6,https://www.legis.ga.gov/legislation/74852
HR 18EX,resolution,House,"Duluth, City of; occasion of its 150th anniversary; commend",House Read and Adopted,2026-06-18T11:25:57,Local / Municipal,Arlene Beckles,6,https://www.legis.ga.gov/legislation/74853
HR 19EX,resolution,House,"Georges, Debrah; commend",House Read and Adopted,2026-06-20T11:33:32,,Gabe Okoye,5,https://www.legis.ga.gov/legislation/74867
HR 1EX,resolution,House,House of Representatives convened; notify Senate,House Immediately Transmitted to Senate,2026-06-17T14:59:30,,Chuck Efstration,1,https://www.legis.ga.gov/legislation/74747
HR 20EX,resolution,House,"Thomas, Morriscene Watts; condolences",House Read and Adopted,2026-06-20T11:33:32,,Angela Moore,1,https://www.legis.ga.gov/legislation/74868
HR 21EX,resolution,House,"Pasha, Sunnah Muhammad; condolences",House Read and Adopted,2026-06-20T11:33:32,,Inga Willis,3,https://www.legis.ga.gov/legislation/74869
HR 22EX,resolution,House,"Ferrell, Isaac, Jr.; condolences",House Read and Adopted,2026-06-20T11:33:32,,Floyd Griffin,1,https://www.legis.ga.gov/legislation/74870
HR 23EX,resolution,House,"Shores, Police Chief Raymond; retirement; commend",House Read and Adopted,2026-06-20T11:33:32,,Ron Stephens,1,https://www.legis.ga.gov/legislation/74871
HR 24EX,resolution,House,Medical Marijuana Therapeutics; recognize,House Read and Adopted,2026-06-20T11:33:33,,Karen Lupton,4,https://www.legis.ga.gov/legislation/74872
HR 25EX,resolution,House,World Financial Group; recognize,House Read and Adopted,2026-06-20T11:33:33,,Matt Reeves,5,https://www.legis.ga.gov/legislation/74873
HR 26EX,resolution,House,"Nalley, Anna; commend",House Read and Adopted,2026-06-20T11:33:33,,Leesa Hagan,1,https://www.legis.ga.gov/legislation/74874
HR 27EX,resolution,House,"Thomas, Morriscene Watts; condolences",House Read and Adopted,2026-06-20T11:54:51,,Terry Cummings,6,https://www.legis.ga.gov/legislation/74875
HR 28EX,resolution,House,"Burns, Speaker Jon and Mrs. Dayle; celebration of their 50th wedding anniversary; recognize",House Read and Adopted,2026-06-22T16:48:37,,Matt Hatchett,6,https://www.legis.ga.gov/legislation/74877
HR 29EX,resolution,House,"Powell, Pastor Arthur L.; outstanding ministry, leadership, and service to the citizens of Clayton County and the State of Georgia; recognize",House Read and Adopted,2026-06-22T16:48:38,,Sandra Scott,1,https://www.legis.ga.gov/legislation/74889
HR 2EX,resolution,House,General Assembly convened; notify Governor,Senate Passed/Adopted,2026-06-17T15:17:39,,Chuck Efstration,1,https://www.legis.ga.gov/legislation/74748
HR 30EX,resolution,House,"Mensah; Honorable Sylvester Adinam; distinguished leadership, public service, and contributions to economic development and international trade; recognize",House Read and Adopted,2026-06-22T16:48:38,,Segun Adeyina,6,https://www.legis.ga.gov/legislation/74890
HR 31EX,resolution,House,Haiti National Football Team; qualifying for and competing in the 2026 FIFA World Cup; recognize,House Read and Adopted,2026-06-22T16:48:39,,Segun Adeyina,6,https://www.legis.ga.gov/legislation/74891
HR 32EX,resolution,House,"Dupri, Jermaine; commend",House Read and Adopted,2026-06-22T16:48:39,,Segun Adeyina,6,https://www.legis.ga.gov/legislation/74892
HR 33EX,resolution,House,"Pain Awareness Day; June 25, 2026; recognize",House Read and Adopted,2026-06-22T16:48:39,,Kim Schofield,5,https://www.legis.ga.gov/legislation/74893
HR 34EX,resolution,House,"Importance of educational funding equity, the protection of local school funding, and the preservation of stable revenue sources for public education; recognize",House Read and Adopted,2026-06-22T16:48:40,,Viola Davis,6,https://www.legis.ga.gov/legislation/74894
HR 35EX,resolution,House,"Rainey, Dr. Willie Frank, Jr.; condolences",House Read and Adopted,2026-06-22T16:48:40,,Segun Adeyina,6,https://www.legis.ga.gov/legislation/74895
HR 36EX,resolution,House,"Ensley, Mrs. Oreatha Walker; commend",House Read and Adopted,2026-06-22T16:48:41,,Sandra Scott,1,https://www.legis.ga.gov/legislation/74896
HR 37EX,resolution,House,"Jackson, Bishop Reginald Thomas; condolences",House Read and Adopted,2026-06-22T16:48:41,,Venola Mason,6,https://www.legis.ga.gov/legislation/74897
HR 38EX,resolution,House,"Grice, Mattie Harrison; condolences",House Read and Adopted,2026-06-22T16:48:42,,Sandra Scott,1,https://www.legis.ga.gov/legislation/74898
HR 39EX,resolution,House,"Dickey, Betty Lee Harrison; condolences",House Read and Adopted,2026-06-22T16:48:42,,Sandra Scott,1,https://www.legis.ga.gov/legislation/74899
HR 3EX,resolution,House,General Assembly; motor fuel and diesel fuel taxes; ratify Governor Brian P. Kemp's Executive Order,Senate Passed/Adopted,2026-06-23T10:19:40,,Matthew Gambill,5,https://www.legis.ga.gov/legislation/74752
HR 40EX,resolution,House,"Schofield, James; life, legacy, and 87th birthday; celebrate",House Read and Adopted,2026-06-22T16:48:42,,Kim Schofield,4,https://www.legis.ga.gov/legislation/74900
HR 41EX,resolution,House,"Blakey, Jennifer; commend",House Read and Adopted,2026-06-22T16:48:43,,Scott Hilton,1,https://www.legis.ga.gov/legislation/74901
HR 42EX,resolution,House,Santos Taqueria Express; recognize,House Read and Adopted,2026-06-22T16:48:43,,Mary Ann Santos,1,https://www.legis.ga.gov/legislation/74902
HR 43EX,resolution,House,"Artificial intelligence deepfakes; growing danger to election integrity, public trust, and the people of Georgia; recognize",House Read and Adopted,2026-06-22T16:48:43,,Mary Ann Santos,6,https://www.legis.ga.gov/legislation/74903
HR 44EX,resolution,House,Sugarloaf Community Improvement District; 10th Anniversary; recognize,House Read and Adopted,2026-06-22T16:48:44,,Arlene Beckles,6,https://www.legis.ga.gov/legislation/74904
HR 45EX,resolution,House,"Migraine and Headache Awareness Day; June 29, 2026; recognize",House Read and Adopted,2026-06-22T16:48:45,,Kim Schofield,5,https://www.legis.ga.gov/legislation/74905
HR 46EX,resolution,House,Broad Street Concert Band of Sugar Hill; commend,House Read and Adopted,2026-06-22T16:48:45,,Matt Reeves,3,https://www.legis.ga.gov/legislation/74906
HR 47EX,resolution,House,"Hilton, Robert Lund; Chris Ann Chapman Hilton; commend",House Read and Adopted,2026-06-22T16:48:46,,Scott Hilton,6,https://www.legis.ga.gov/legislation/74907
HR 48EX,resolution,House,"RAHBI; outstanding contributions to the arts, culture, and the State of Georgia; recognize",House Read and Adopted,2026-06-22T16:48:46,,Eric Bell,5,https://www.legis.ga.gov/legislation/74908
HR 49EX,resolution,House,"B High ATL (BHIGHTV); outstanding contributions to hip-hop media, cultural preservation, and community engagement; recognize",House Read and Adopted,2026-06-22T16:48:46,,Eric Bell,5,https://www.legis.ga.gov/legislation/74909
HR 4EX,resolution,House,"Dobbs, Julia Lee Jackson; commend",House Read and Adopted,2026-06-17T17:37:53,,Viola Davis,6,https://www.legis.ga.gov/legislation/74795
HR 50EX,resolution,House,World OKTA Global Startup Month; September 2026; recognize,House Read and Adopted,2026-06-22T16:48:47,,Matt Reeves,5,https://www.legis.ga.gov/legislation/74910
HR 51EX,resolution,House,Governor Brian P. Kemp; immediately release funds withheld through executive budget disregards issued against House Bill 974; urge,House First Readers,2026-06-23T08:59:23,,Carolyn Hugley,6,https://www.legis.ga.gov/legislation/74912
HR 52EX,resolution,House,"Derbecker, Ava Olivia; Faris Vincent Derbecker; condolences",House Read and Adopted,2026-06-23T12:58:46,,Jon Burns,1,https://www.legis.ga.gov/legislation/74913
HR 53EX,resolution,House,"Abrams, Reverend Robert Lee; condolences",House Read and Adopted,2026-06-23T12:58:47,,Carolyn Hugley,6,https://www.legis.ga.gov/legislation/74914
HR 54EX,resolution,House,United States Supreme Court's Olmstead decision and the courage of its plaintiffs; honor anniversary,House Read and Adopted,2026-06-23T12:58:47,,Gabriel Sanchez,6,https://www.legis.ga.gov/legislation/74915
HR 55EX,resolution,House,Morocco National Football Team; competing in the 2026 FIFA World Cup; recognize,House Read and Adopted,2026-06-23T12:58:47,,Segun Adeyina,6,https://www.legis.ga.gov/legislation/74916
HR 56EX,resolution,House,Democratic Republic of the Congo National Football Team; competing in the 2026 FIFA World Cup; recognize,House Read and Adopted,2026-06-23T12:58:48,,Segun Adeyina,6,https://www.legis.ga.gov/legislation/74917
HR 57EX,resolution,House,South Africa National Football Team; competing in the 2026 FIFA World Cup; recognize,House Read and Adopted,2026-06-23T12:58:48,,Segun Adeyina,6,https://www.legis.ga.gov/legislation/74918
HR 58EX,resolution,House,"Bell, Former State Representative Simone; distinguished public service, leadership, and contributions to the State of Georgia; recognize",House Read and Adopted,2026-06-23T12:58:48,,Karla Drenner,6,https://www.legis.ga.gov/legislation/74919
HR 59EX,resolution,House,"Brown, Councilwoman Richelle; outstanding leadership, unwavering commitment to youth empowerment, community advancement, and cultural inclusion; recognize",House Read and Adopted,2026-06-23T12:58:49,,Segun Adeyina,6,https://www.legis.ga.gov/legislation/74920
HR 5EX,resolution,House,"Holden, Benjamin A.; condolences",House Read and Adopted,2026-06-17T17:37:54,,Carolyn Hugley,5,https://www.legis.ga.gov/legislation/74796
HR 60EX,resolution,House,"Habersham, Alex C.; commend",House Read and Adopted,2026-06-23T12:58:49,,Nissa Jones,5,https://www.legis.ga.gov/legislation/74921
HR 61EX,resolution,House,50th Southern Regional Conference and the Centennial Celebration of the Southern Region of Delta Sigma Theta Sorority Inc.; recognize,House Read and Adopted,2026-06-23T12:58:49,,Viola Davis,4,https://www.legis.ga.gov/legislation/74922
HR 6EX,resolution,House,"WE ARE ALL ILL WEEK; October 25-31,2026; recognize",House Read and Adopted,2026-06-17T17:37:54,,Kim Schofield,5,https://www.legis.ga.gov/legislation/74797
HR 7EX,resolution,House,Endometrial cancer as public health concern; recognize,House Read and Adopted,2026-06-17T17:37:54,,Kim Schofield,5,https://www.legis.ga.gov/legislation/74798
HR 8EX,resolution,House,"Dover, Olivia; commend",House Read and Adopted,2026-06-17T17:37:54,,Scott Hilton,6,https://www.legis.ga.gov/legislation/74799
HR 9EX,resolution,House,"Barrera, Joshua; commend",House Read and Adopted,2026-06-17T17:37:55,,Scott Hilton,6,https://www.legis.ga.gov/legislation/74800
SB 10EX,bill,Senate,Sales and Use Taxes; any existing special district option sales and use tax (FLOST) cease to be imposed and levied immediately prior to the imposition of any local homestead option sales tax (LHOST); require,Senate Read and Referred,2026-06-23T09:17:37,REVENUE AND TAXATION,Chuck Hufstetler,20,https://www.legis.ga.gov/legislation/74878
SB 1EX,bill,Senate,Glynn County; ad valorem taxes; homestead property determined annually for the special district based upon the proceeds of a new Local Homestead Option Sales Tax (LHOST); provide homestead exemption,Senate Reconsidered Lost,2026-06-20T12:28:25,REVENUE AND TAXATION,Mike Hodges,1,https://www.legis.ga.gov/legislation/74754
SB 2EX,bill,Senate,City of Brunswick; ad valorem taxes; homestead property determined annually for the special district based upon the proceeds of a new Local Homestead Option Sales Tax (LHOST); provide homestead exemption,Senate Reconsidered Lost,2026-06-20T12:43:53,REVENUE AND TAXATION,Mike Hodges,1,https://www.legis.ga.gov/legislation/74755
SB 3EX,bill,Senate,Election Equipment Specifications and Standards Committee; establish,Senate Date Signed by Governor,2026-06-25T11:21:42,ELECTIONS,Max Burns,22,https://www.legis.ga.gov/legislation/74767
SB 4EX,bill,Senate,Baldwin County; ad valorem taxes; homestead property determined annually for the special district based upon the proceeds of a new Local Homestead Option Sales Tax (LHOST); provide homestead exemption,Senate Reconsidered Lost,2026-06-20T12:53:50,REVENUE AND TAXATION,Rick Williams,1,https://www.legis.ga.gov/legislation/74757
SB 5EX,bill,Senate,City of Toccoa; ad valorem taxes; homestead property determined annually for the special district based upon the proceeds of a new Local Homestead Option Sales Tax (LHOST); provide homestead exemption,Senate Reconsidered Lost,2026-06-23T10:57:57,REVENUE AND TAXATION,Bo Hatchett,1,https://www.legis.ga.gov/legislation/74856
SB 6EX,bill,Senate,Stephens County; ad valorem taxes; homestead property determined annually for the special district based upon the proceeds of a new Local Homestead Option Sales Tax (LHOST); provide homestead exemption,Senate Reconsidered Lost,2026-06-23T11:13:16,REVENUE AND TAXATION,Bo Hatchett,1,https://www.legis.ga.gov/legislation/74858
SB 7EX,bill,Senate,Webster County; ad valorem taxes; homestead property determined annually for the special district based upon the proceeds of a new Local Homestead Option Sales Tax (LHOST); provide homestead exemption,Senate Tabled,2026-06-22T14:22:32,REVENUE AND TAXATION,Freddie Powell Sims,1,https://www.legis.ga.gov/legislation/74862
SB 8EX,bill,Senate,City of Plains; ad valorem taxes; homestead property determined annually for the special district based upon the proceeds of a new Local Homestead Option Sales Tax (LHOST); provide homestead exemption,Senate Tabled,2026-06-22T14:22:32,REVENUE AND TAXATION,Freddie Powell Sims,1,https://www.legis.ga.gov/legislation/74863
SB 9EX,bill,Senate,Sumter County; ad valorem taxes; homestead property determined annually for the special district based upon the proceeds of a new Local Homestead Option Sales Tax (LHOST); provide homestead exemption,Senate Tabled,2026-06-22T14:22:32,REVENUE AND TAXATION,Freddie Powell Sims,1,https://www.legis.ga.gov/legislation/74864
SR 10EX,resolution,Senate,Philadelphia Baptist Church; recognize and commend,Senate Read and Adopted,2026-06-23T10:12:18,,Gail Davenport,6,https://www.legis.ga.gov/legislation/74879
SR 11EX,resolution,Senate,"Neal, Reverend Willie C.; recognize and commend",Senate Read and Adopted,2026-06-23T10:12:26,,Gail Davenport,6,https://www.legis.ga.gov/legislation/74880
SR 12EX,resolution,Senate,"Thomas, Morriscene Watts; condolences",Senate Read and Adopted,2026-06-23T10:13:30,,Doc Rhett,11,https://www.legis.ga.gov/legislation/74886
SR 13EX,resolution,Senate,"Allen, Tayvian D.; recognize and commend",Senate Read and Adopted,2026-06-23T10:13:38,,Doc Rhett,11,https://www.legis.ga.gov/legislation/74885
SR 14EX,resolution,Senate,"Abrams, Reverend Robert Lee; condolences",Senate Read and Adopted,2026-06-23T10:13:49,,Donzella James,5,https://www.legis.ga.gov/legislation/74887
SR 15EX,resolution,Senate,"Wood, Ronald D.; condolences",Senate Read and Adopted,2026-06-23T10:13:53,,Donzella James,2,https://www.legis.ga.gov/legislation/74888
SR 1EX,resolution,Senate,Senate Rules; adopt,Senate Passed/Adopted,2026-06-17T14:58:54,,Larry Walker,5,https://www.legis.ga.gov/legislation/74750
SR 2EX,resolution,Senate,Senate Convened; notify the House of Representatives,Senate Read and Adopted,2026-06-17T15:01:23,,Larry Walker,2,https://www.legis.ga.gov/legislation/74749
SR 3EX,resolution,Senate,Adjournment; relative to,House Read and Adopted,2026-06-17T15:57:02,,Jason Anavitarte,5,https://www.legis.ga.gov/legislation/74751
SR 4EX,resolution,Senate,United State Citizens; right to register and vote- CA,Senate Read and Referred,2026-06-17T16:19:10,,Greg Dolezal,10,https://www.legis.ga.gov/legislation/74763
SR 5EX,resolution,Senate,Juneteenth; the history and meaning of the Juneteenth holiday; commemorate and recognize,Senate Read and Adopted,2026-06-20T10:22:48,,Kim Jackson,18,https://www.legis.ga.gov/legislation/74854
SR 6EX,resolution,Senate,"Thompson, Mrs. Florine Jackson; recognize",Senate Read and Adopted,2026-06-20T10:22:12,,Ed Harbison,1,https://www.legis.ga.gov/legislation/74855
SR 7EX,resolution,Senate,"Simpson, David S.; condolences",Senate Read and Adopted,2026-06-20T10:22:22,,Nan Orrock,1,https://www.legis.ga.gov/legislation/74860
SR 8EX,resolution,Senate,"Leslie, PE, Thomas Campbell; condolences",Senate Read and Adopted,2026-06-20T10:22:28,,Nan Orrock,1,https://www.legis.ga.gov/legislation/74861
SR 9EX,resolution,Senate,"Steves, Dr. Elma Mera; recognize and commend",Senate Read and Adopted,2026-06-22T13:55:38,,Sally Harrell,1,https://www.legis.ga.gov/legislation/74876
